Nume,Prenume,Sex,Cod persoana,an,functie
Albu,Emanuel,M,6,2004,judecător
Anghelescu,Maria,F,7,2004,judecător
Barbălată,Georgeta,F,10,2004,judecător
Bărbulescu,Voica Ioana,F,11,2004,judecător
Belu-Magdo,Mona Lisa,F,13,2004,judecător
Bîrsan,Gabriela Victoria,F,5,2004,judecător
Bordea,Adrian,M,15,2004,judecător
Bordeanu,Ioan,M,236,2004,judecător
Braicău,Emilia,F,237,2004,judecător
Bucur,Gheorghe,M,238,2004,judecător
Buta,Cristina Mădălina,F,19,2004,judecător
Buta,Gheorghe,M,20,2004,judecător
Cârcei,Elena,F,23,2004,judecător
Cernat,Gheorghe,M,239,2004,judecător
Chioseaua,Adriana,F,24,2004,judecător
Ciubotaru,Mihai,M,240,2004,judecător
Ciucă,Gilica,F,28,2004,judecător
Coca Cozma,Maria,F,241,2004,judecător
Cochinescu,Alexandrina,F,242,2004,judecător
Cosma,Rodica,F,31,2004,judecător
Costiniu,Florin,M,3,2004,judecător
Culcea,Vasile,M,243,2004,judecător
Dascălu,Ana Maria,F,33,2004,judecător
Dumitru,Magdalena,F,40,2004,judecător
Duţă,Adrian,M,41,2004,judecător
Eftimescu,Mihai Marian,M,244,2004,judecător
Ezer,Emilia,F,42,2004,judecător
Floarea,Nicoleta,F,245,2004,judecător
Gaiţă ,Maria,F,46,2004,judecător
Gaspar,Gabriela,F,47,2004,judecător
Gherasim,Traian,M,49,2004,judecător
Gherghuţ,Emil,M,246,2004,judecător
Ghermeli,Magdalena,F,50,2004,judecător
Ghiciu,Paşcu,M,51,2004,judecător
Giroveanu,Radu,M,247,2004,judecător
Giurgiu,Liviu,M,52,2004,judecător
Glodean,Florica,F,53,2004,judecător
Griga,Ioan,M,54,2004,judecător
Huiduc,Sanda Constanţa,F,248,2004,judecător
Iacob,Cornel,M,249,2004,judecător
Ionescu,Costică,M,250,2004,judecător
Ionescu,Nicolae,M,251,2004,judecător
Iorgovan,Niculina,F,252,2004,judecător
Jîjîie,Corina,F,65,2004,judecător
Jumanca,Ion,M,253,2004,judecător
Lazăr,Rozalia Ana,F,254,2004,judecător
Lovin,Edita,F,66,2004,judecător
Lungu,Carmen Fulga Garofiţa,F,68,2004,judecător
Luţac,Gheorghiţa,F,69,2004,judecător
Luzescu,Cristina,F,70,2004,judecător
Mănescu,Alexandra,F,256,2004,judecător
Marica,Cornelia Silvia,F,255,2004,judecător
Marta,Elena Daniela,F,73,2004,judecător
Mihai,Maria Despina,F,77,2004,judecător
Motea,Aurelia,F,79,2004,judecător
Mrejeru,Teodor,M,257,2004,judecător
Muţiu,Ileana Maria,F,258,2004,judecător
Neagu,Ruxandra Maria,F,259,2004,judecător
Nucă,Mihai Stănjenel,M,260,2004,judecător
Olaru,Maura,F,83,2004,judecător
Onica,Georgeta,F,261,2004,judecător
Osipencu,Elena,F,262,2004,judecător
Pantea,Paula,F,85,2004,judecător
Paşca Cameniţă,Victor Vincenţiu,M,86,2004,judecător
Pastor,Leonida,F,263,2004,judecător
Perju,Pavel,M,264,2004,judecător
Popa,Eugenia,F,89,2004,judecător
Popa,Rodica Aida,F,90,2004,judecător
Popa,Marin,M,265,2004,judecător
Popescu,Iuliana,F,92,2004,judecător
Popescu,Veronica Carmen,F,93,2004,judecător
Popescu,Lucia,F,266,2004,judecător
Popescu ,Zenovia Mariana,F,94,2004,judecător
Prodan,Marioara,F,98,2004,judecător
Rădoi,Rozalia,F,267,2004,judecător
Rădulescu,Veronica,F,100,2004,judecător
Robescu,Florica,F,268,2004,judecător
Roşu,Maria,F,269,2004,judecător
Rotar,Gheorghe,M,270,2004,judecător
Savin,Ana Alexandrina,F,102,2004,judecător
Similean,Petru,M,271,2004,judecător
Sîrbu,Carmen,F,103,2004,judecător
Stanciu,Livia Doina,F,105,2004,judecător
Stancu,Lidia,F,272,2004,judecător
Stancu,Luana,F,273,2004,judecător
Stecoza,Gabriela,F,106,2004,judecător
Ştefănescu,Mariana Brânduşa,F,108,2004,judecător
Tarcea,Cristina Iulia,F,109,2004,judecător
Teodorescu,Georgeta,F,112,2004,judecător
Teodorescu,Margareta,F,113,2004,judecător
Teodorovici,Niculai,M,114,2004,judecător
Toacă,Dorica,F,115,2004,judecător
Toader,Camelia,F,116,2004,judecător
Vartires,Dana Iarina,F,118,2004,judecător
Vasile,Alixandri,M,119,2004,judecător
Voicescu,Gheorghe,M,274,2004,judecător
Voicu,Marin,M,275,2004,judecător
Vorobciuc,Ecaterina,F,276,2004,judecător
Popa,Nicolae,M,1,2004,preşedinte
Cornoiu,Dănuţ,M,30,2004,preşedinte secţia civilă şi proprietate intelectuală
Lohan,Eugenia,F,4,2004,preşedinte secţia comercială
Furtună ,Constantin,M,234,2004,preşedinte secţia contencios administrativ şi fiscal
Pandrea,Anton,M,84,2004,preşedinte secţia penală
Bărbulescu,Lidia,F,2,2004,vicepreşedinte
Albu,Emanuel,M,6,2005,judecător
Anghelescu,Maria,F,7,2005,judecător
Aron,Mircea,M,9,2005,judecător
Barbălată,Georgeta,F,10,2005,judecător
Bărbulescu,Voica Ioana,F,11,2005,judecător
Bărcănescu ,Dragoş,M,12,2005,judecător
Belu-Magdo,Mona Lisa,F,13,2005,judecător
Bordea,Adrian,M,15,2005,judecător
Bordeanu,Ioan,M,236,2005,judecător
Braicău,Emilia,F,237,2005,judecător
Brânzan,Contantin,M,17,2005,judecător
Bratu,Camelia,F,16,2005,judecător
Bucur,Gheorghe,M,238,2005,judecător
Buta,Cristina Mădălina,F,19,2005,judecător
Buta,Gheorghe,M,20,2005,judecător
Cârcei,Elena,F,23,2005,judecător
Cernat,Gheorghe,M,239,2005,judecător
Chioseaua,Adriana,F,24,2005,judecător
Cismaru,Filoftea,F,26,2005,judecător
Ciubotaru,Mihai,M,240,2005,judecător
Ciucă,Gilica,F,28,2005,judecător
Cochinescu,Alexandrina,F,242,2005,judecător
Cosma,Rodica,F,31,2005,judecător
Costiniu,Florin,M,3,2005,judecător
Culcea,Vasile,M,243,2005,judecător
Curelea,Lavinia,F,32,2005,judecător
Dascălu,Ana Maria,F,33,2005,judecător
Dragu,Creţu,M,39,2005,judecător
Dumitru,Magdalena,F,40,2005,judecător
Duţă,Adrian,M,41,2005,judecător
Eftimescu,Mihai Marian,M,244,2005,judecător
Ezer,Emilia,F,42,2005,judecător
Floarea,Gheorghe,M,44,2005,judecător
Floarea,Nicoleta,F,245,2005,judecător
Gaiţă ,Maria,F,46,2005,judecător
Gaspar,Gabriela,F,47,2005,judecător
Gherasim,Traian,M,49,2005,judecător
Ghermeli,Magdalena,F,50,2005,judecător
Ghiciu,Paşcu,M,51,2005,judecător
Giurgiu,Liviu,M,52,2005,judecător
Glodean,Florica,F,53,2005,judecător
Griga,Ioan,M,54,2005,judecător
Grigoraş,Nina Ecaterina,F,55,2005,judecător
Ioaniţiu,Elisabeta,F,59,2005,judecător
Ionescu,Gabriel,M,60,2005,judecător
Ionescu,Ioan,M,61,2005,judecător
Ionescu,Margareta Angela Sanda,F,62,2005,judecător
Ionescu,Costică,M,250,2005,judecător
Ionescu,Nicolae,M,251,2005,judecător
Iorgovan,Niculina,F,252,2005,judecător
Jîjîie,Corina,F,65,2005,judecător
Lazăr,Rozalia Ana,F,254,2005,judecător
Lovin,Edita,F,66,2005,judecător
Lungeanu,Viorica,F,67,2005,judecător
Lungu,Carmen Fulga Garofiţa,F,68,2005,judecător
Luţac,Gheorghiţa,F,69,2005,judecător
Luzescu,Cristina,F,70,2005,judecător
Mănescu,Alexandra,F,256,2005,judecător
Marta,Elena Daniela,F,73,2005,judecător
Mateescu,Gheorghe Ştefan,M,74,2005,judecător
Mihai,Maria Despina,F,77,2005,judecător
Motea,Aurelia,F,79,2005,judecător
Mrejeru,Teodor,M,257,2005,judecător
Neagu,Ruxandra Maria,F,259,2005,judecător
Nucă,Mihai Stănjenel,M,260,2005,judecător
Olaru,Maura,F,83,2005,judecător
Pantea,Paula,F,85,2005,judecător
Paşca Cameniţă,Victor Vincenţiu,M,86,2005,judecător
Perju,Pavel,M,264,2005,judecător
Pistol,Ştefan,M,88,2005,judecător
Popa,Rodica Aida,F,90,2005,judecător
Popa,Marin,M,265,2005,judecător
Popescu,Doina,F,91,2005,judecător
Popescu,Iuliana,F,92,2005,judecător
Popescu,Veronica Carmen,F,93,2005,judecător
Popescu ,Zenovia Mariana,F,94,2005,judecător
Preda,Joiţa,F,97,2005,judecător
Prodan,Marioara,F,98,2005,judecător
Puşoiu,Iuliana,F,99,2005,judecător
Rădulescu,Veronica,F,100,2005,judecător
Robescu,Florica,F,268,2005,judecător
Roşu,Maria,F,269,2005,judecător
Rotar,Gheorghe,M,270,2005,judecător
Săndulescu,Costmari,F,277,2005,judecător
Savin,Ana Alexandrina,F,102,2005,judecător
Sîrbu,Carmen,F,103,2005,judecător
Stanciu,Livia Doina,F,105,2005,judecător
Stancu,Lidia,F,272,2005,judecător
Stancu,Luana,F,273,2005,judecător
Stecoza,Gabriela,F,106,2005,judecător
Ştefănescu,Mariana Brânduşa,F,108,2005,judecător
Tăbârcă,Mihaela,F,110,2005,judecător
Tarcea,Cristina Iulia,F,109,2005,judecător
Teodorescu,Georgeta,F,112,2005,judecător
Teodorescu,Margareta,F,113,2005,judecător
Toacă,Dorica,F,115,2005,judecător
Toader,Camelia,F,116,2005,judecător
Vartires,Dana Iarina,F,118,2005,judecător
Vasile,Alixandri,M,119,2005,judecător
Viciu,Anca,F,120,2005,judecător
Vlad,Ion Adrian,M,278,2005,judecător
Voicescu,Gheorghe,M,274,2005,judecător
Zarafiu,Ilie,M,279,2005,judecător
Zglimbea,Luminiţa,F,123,2005,judecător
Popa,Nicolae,M,1,2005,preşedinte
Cornoiu,Dănuţ,M,30,2005,preşedinte secţia civilă şi proprietate intelectuală
Lohan,Eugenia,F,4,2005,preşedinte secţia comercială
Bîrsan,Gabriela Victoria,F,5,2005,preşedinte secţia contencios administrativ si fiscal
Pandrea,Anton,M,84,2005,preşedinte secţia penală
Bărbulescu,Lidia,F,2,2005,vicepreşedinte
Albu,Emanuel,M,6,2006,judecător
Anghelescu,Maria,F,7,2006,judecător
Aron,Mircea,M,9,2006,judecător
Barbălată,Georgeta,F,10,2006,judecător
Bărbulescu,Voica Ioana,F,11,2006,judecător
Bărcănescu ,Dragoş,M,12,2006,judecător
Belu-Magdo,Mona Lisa,F,13,2006,judecător
Bogasiu,Gabriela Elena,F,14,2006,judecător
Bordea,Adrian,M,15,2006,judecător
Brânzan,Contantin,M,17,2006,judecător
Bratu,Camelia,F,16,2006,judecător
Buta,Cristina Mădălina,F,19,2006,judecător
Buta,Gheorghe,M,20,2006,judecător
Cârcei,Elena,F,23,2006,judecător
Chioseaua,Adriana,F,24,2006,judecător
Ciontu,Ştefan,M,27,2006,judecător
Cîrstocea,Mariana,F,25,2006,judecător
Cismaru,Filoftea,F,26,2006,judecător
Ciucă,Gilica,F,28,2006,judecător
Cosma,Rodica,F,31,2006,judecător
Costiniu,Florin,M,3,2006,judecător
Curelea,Lavinia,F,32,2006,judecător
Dascălu,Ana Maria,F,33,2006,judecător
Deneş,Adriana Viorica,F,35,2006,judecător
Dragne,Angela,F,36,2006,judecător
Dragomir,Ioana,F,38,2006,judecător
Dragu,Creţu,M,39,2006,judecător
Dumitru,Magdalena,F,40,2006,judecător
Duţă,Adrian,M,41,2006,judecător
Ezer,Emilia,F,42,2006,judecător
Floarea,Elena,F,43,2006,judecător
Floarea,Gheorghe,M,44,2006,judecător
Floarea,Nicoleta,F,245,2006,judecător
Frumuşelu,Magdalena-Carmen,F,45,2006,judecător
Gaiţă ,Maria,F,46,2006,judecător
Gaspar,Gabriela,F,47,2006,judecător
Gherasim,Traian,M,49,2006,judecător
Ghermeli,Magdalena,F,50,2006,judecător
Ghiciu,Paşcu,M,51,2006,judecător
Giurgiu,Liviu,M,52,2006,judecător
Glodean,Florica,F,53,2006,judecător
Griga,Ioan,M,54,2006,judecător
Grigoraş,Nina Ecaterina,F,55,2006,judecător
Ioaniţiu,Elisabeta,F,59,2006,judecător
Ionescu,Gabriel,M,60,2006,judecător
Ionescu,Ioan,M,61,2006,judecător
Ionescu,Margareta Angela Sanda,F,62,2006,judecător
Ionescu,Nicolae,M,251,2006,judecător
Isailă,Mărioara,F,63,2006,judecător
Jîjîie,Corina,F,65,2006,judecător
Lazăr,Rozalia Ana,F,254,2006,judecător
Lovin,Edita,F,66,2006,judecător
Lungeanu,Viorica,F,67,2006,judecător
Lungu,Carmen Fulga Garofiţa,F,68,2006,judecător
Luţac,Gheorghiţa,F,69,2006,judecător
Luzescu,Cristina,F,70,2006,judecător
Măniguţiu,Nicolae,M,76,2006,judecător
Marcu ,Simona Camelia,F,71,2006,judecător
Marta,Elena Daniela,F,73,2006,judecător
Mateescu,Gheorghe Ştefan,M,74,2006,judecător
Mihai,Maria Despina,F,77,2006,judecător
Motea,Aurelia,F,79,2006,judecător
Neagu,Ruxandra Maria,F,259,2006,judecător
Nebela,Silvia,F,80,2006,judecător
Petrişor,Nela,F,87,2006,judecător
Nicolae,Adina-Georgeta,F,82,2006,judecător
Nucă,Mihai Stănjenel,M,260,2006,judecător
Olaru,Maura,F,83,2006,judecător
Pantea,Paula,F,85,2006,judecător
Paşca Cameniţă,Victor Vincenţiu,M,86,2006,judecător
Pistol,Ştefan,M,88,2006,judecător
Popa,Eugenia,F,89,2006,judecător
Popa,Rodica Aida,F,90,2006,judecător
Popescu,Doina,F,91,2006,judecător
Popescu,Iuliana,F,92,2006,judecător
Popescu,Veronica Carmen,F,93,2006,judecător
Popescu ,Zenovia Mariana,F,94,2006,judecător
Popov,Valerica,F,96,2006,judecător
Preda,Joiţa,F,97,2006,judecător
Prodan,Marioara,F,98,2006,judecător
Puşoiu,Iuliana,F,99,2006,judecător
Rădulescu,Veronica,F,100,2006,judecător
Săndulescu,Costmari,F,277,2006,judecător
Savin,Ana Alexandrina,F,102,2006,judecător
Sîrbu,Carmen,F,103,2006,judecător
Spineanu Matei,Octavia,F,104,2006,judecător
Stanciu,Livia Doina,F,105,2006,judecător
Stancu,Lidia,F,272,2006,judecător
Stecoza,Gabriela,F,106,2006,judecător
Ştefănescu,Mariana Brânduşa,F,108,2006,judecător
Surdescu,Ioana,F,107,2006,judecător
Tăbârcă,Mihaela,F,110,2006,judecător
Tarcea,Cristina Iulia,F,109,2006,judecător
Teau,Carmen Trănica,F,111,2006,judecător
Teodorescu,Georgeta,F,112,2006,judecător
Teodorescu,Margareta,F,113,2006,judecător
Teodorovici,Niculai,M,114,2006,judecător
Toacă,Dorica,F,115,2006,judecător
Toader,Camelia,F,116,2006,judecător
Vartires,Dana Iarina,F,118,2006,judecător
Vasile,Alixandri,M,119,2006,judecător
Viciu,Anca,F,120,2006,judecător
Voicescu,Gheorghe,M,274,2006,judecător
Vrânceanu,Romaniţa Ecaterina,F,122,2006,judecător
Zglimbea,Luminiţa,F,123,2006,judecător
Şerbănescu Cristide,Magdalena,F,280,2006,judecător
Popa,Nicolae,M,1,2006,preşedinte
Bîrsan,Gabriela Victoria,F,5,2006,preşedinte secţia administrativ contencios şi fiscal
Cornoiu,Dănuţ,M,30,2006,preşedinte secţia civiliă şi proprietate intelectuală
Lohan,Eugenia,F,4,2006,preşedinte secţia comercială
Pandrea,Anton,M,84,2006,preşedinte secţia penală
Bărbulescu,Lidia,F,2,2006,vicepreşedinte
Albu,Emanuel,M,6,2007,judecător
Anghelescu,Maria,F,7,2007,judecător
Aron,Mircea,M,9,2007,judecător
Barbălată,Georgeta,F,10,2007,judecător
Bărbulescu,Voica Ioana,F,11,2007,judecător
Bărcănescu ,Dragoş,M,12,2007,judecător
Belu-Magdo,Mona Lisa,F,13,2007,judecător
Bogasiu,Gabriela Elena,F,14,2007,judecător
Bordea,Adrian,M,15,2007,judecător
Brânzan,Contantin,M,17,2007,judecător
Bratu,Camelia,F,16,2007,judecător
Buta,Cristina Mădălina,F,19,2007,judecător
Buta,Gheorghe,M,20,2007,judecător
Cârcei,Elena,F,23,2007,judecător
Cătănoiu,Georgeta,F,22,2007,judecător
Chioseaua,Adriana,F,24,2007,judecător
Ciontu,Ştefan,M,27,2007,judecător
Cîrstocea,Mariana,F,25,2007,judecător
Cismaru,Filoftea,F,26,2007,judecător
Ciucă,Gilica,F,28,2007,judecător
Cornoiu,Dănuţ,M,30,2007,judecător
Cosma,Rodica,F,31,2007,judecător
Curelea,Lavinia,F,32,2007,judecător
Dascălu,Ana Maria,F,33,2007,judecător
Deneş,Adriana Viorica,F,35,2007,judecător
Dragne,Angela,F,36,2007,judecător
Dragomir,Ilie Iulian,M,37,2007,judecător
Dragomir,Ioana,F,38,2007,judecător
Dragu,Creţu,M,39,2007,judecător
Dumitru,Magdalena,F,40,2007,judecător
Duţă,Adrian,M,41,2007,judecător
Ezer,Emilia,F,42,2007,judecător
Floarea,Elena,F,43,2007,judecător
Floarea,Gheorghe,M,44,2007,judecător
Frumuşelu,Magdalena-Carmen,F,45,2007,judecător
Gaiţă ,Maria,F,46,2007,judecător
Gaspar,Gabriela,F,47,2007,judecător
Gheorghe,Dumitru,M,48,2007,judecător
Gherasim,Traian,M,49,2007,judecător
Ghermeli,Magdalena,F,50,2007,judecător
Ghiciu,Paşcu,M,51,2007,judecător
Giurgiu,Liviu,M,52,2007,judecător
Glodean,Florica,F,53,2007,judecător
Griga,Ioan,M,54,2007,judecător
Grigoraş,Nina Ecaterina,F,55,2007,judecător
Iacob,Ioana,F,56,2007,judecător
Ianoşi,Carmen Minodora,F,57,2007,judecător
Ilie,Maria Carmen,F,58,2007,judecător
Ioaniţiu,Elisabeta,F,59,2007,judecător
Ionescu,Gabriel,M,60,2007,judecător
Ionescu,Ioan,M,61,2007,judecător
Ionescu,Margareta Angela Sanda,F,62,2007,judecător
Ionescu,Nicolae,M,251,2007,judecător
Isailă,Mărioara,F,63,2007,judecător
Jîjîie,Corina,F,65,2007,judecător
Lazăr,Rozalia Ana,F,254,2007,judecător
Lovin,Edita,F,66,2007,judecător
Lungeanu,Viorica,F,67,2007,judecător
Lungu,Carmen Fulga Garofiţa,F,68,2007,judecător
Luţac,Gheorghiţa,F,69,2007,judecător
Luzescu,Cristina,F,70,2007,judecător
Măniguţiu,Nicolae,M,76,2007,judecător
Marcu ,Simona Camelia,F,71,2007,judecător
Marin,Eugenia,F,72,2007,judecător
Marta,Elena Daniela,F,73,2007,judecător
Mateescu,Gheorghe Ştefan,M,74,2007,judecător
Mihai,Maria Despina,F,77,2007,judecător
Moglan,Raluca,F,78,2007,judecător
Motea,Aurelia,F,79,2007,judecător
Nebela,Silvia,F,80,2007,judecător
Nicolae,Adina-Georgeta,F,82,2007,judecător
Olaru,Maura,F,83,2007,judecător
Pandrea,Anton,M,84,2007,judecător
Pantea,Paula,F,85,2007,judecător
Paşca Cameniţă,Victor Vincenţiu,M,86,2007,judecător
Petrişor,Nela,F,87,2007,judecător
Pistol,Ştefan,M,88,2007,judecător
Popa,Eugenia,F,89,2007,judecător
Popa,Rodica Aida,F,90,2007,judecător
Popescu,Doina,F,91,2007,judecător
Popescu,Iuliana,F,92,2007,judecător
Popescu,Veronica Carmen,F,93,2007,judecător
Popescu ,Zenovia Mariana,F,94,2007,judecător
Popov,Valerica,F,96,2007,judecător
Preda,Joiţa,F,97,2007,judecător
Prodan,Marioara,F,98,2007,judecător
Puşoiu,Iuliana,F,99,2007,judecător
Rădulescu,Veronica,F,100,2007,judecător
Savin,Ana Alexandrina,F,102,2007,judecător
Sîrbu,Carmen,F,103,2007,judecător
Spineanu Matei,Octavia,F,104,2007,judecător
Stecoza,Gabriela,F,106,2007,judecător
Ştefănescu,Mariana Brânduşa,F,108,2007,judecător
Surdescu,Ioana,F,107,2007,judecător
Tăbârcă,Mihaela,F,110,2007,judecător
Tarcea,Cristina Iulia,F,109,2007,judecător
Teau,Carmen Trănica,F,111,2007,judecător
Teodorescu,Georgeta,F,112,2007,judecător
Teodorescu,Margareta,F,113,2007,judecător
Teodorovici,Niculai,M,114,2007,judecător
Toader,Camelia,F,116,2007,judecător
Vartires,Dana Iarina,F,118,2007,judecător
Vasile,Alixandri,M,119,2007,judecător
Viciu,Anca,F,120,2007,judecător
Vişan,Liliana,F,121,2007,judecător
Voicescu,Gheorghe,M,274,2007,judecător
Vrânceanu,Romaniţa Ecaterina,F,122,2007,judecător
Zglimbea,Luminiţa,F,123,2007,judecător
Coşneanu,Rodica,F,281,2007,judecător
Popa,Nicolae,M,1,2007,preşedinte
Stanciu,Livia Doina,F,105,2007,preşedinte cu delegaţia secţia penală
Bîrsan,Gabriela Victoria,F,5,2007,preşedinte secţia adminstrativ contencios şi fiscal
Costiniu,Florin,M,3,2007,preşedinte secţia civilă şi proprietate intelectuală
Lohan,Eugenia,F,4,2007,preşedinte secţia comercială
Bărbulescu,Lidia,F,2,2007,vicepreşedinte
Albu,Emanuel,M,6,2008,judecător
Anghelescu,Maria,F,7,2008,judecător
Aron,Mircea,M,9,2008,judecător
Barbălată,Georgeta,F,10,2008,judecător
Bărbulescu,Voica Ioana,F,11,2008,judecător
Bărcănescu ,Dragoş,M,12,2008,judecător
Belu-Magdo,Mona Lisa,F,13,2008,judecător
Bogasiu,Gabriela Elena,F,14,2008,judecător
Bordea,Adrian,M,15,2008,judecător
Brânzan,Contantin,M,17,2008,judecător
Bratu,Camelia,F,16,2008,judecător
Buta,Cristina Mădălina,F,19,2008,judecător
Buta,Gheorghe,M,20,2008,judecător
Cârcei,Elena,F,23,2008,judecător
Cătănoiu,Georgeta,F,22,2008,judecător
Chioseaua,Adriana,F,24,2008,judecător
Ciontu,Ştefan,M,27,2008,judecător
Cîrstocea,Mariana,F,25,2008,judecător
Cismaru,Filoftea,F,26,2008,judecător
Ciucă,Gilica,F,28,2008,judecător
Cornoiu,Dănuţ,M,30,2008,judecător
Cosma,Rodica,F,31,2008,judecător
Curelea,Lavinia,F,32,2008,judecător
Dascălu,Ana Maria,F,33,2008,judecător
Deneş,Adriana Viorica,F,35,2008,judecător
Dragne,Angela,F,36,2008,judecător
Dragomir,Ilie Iulian,M,37,2008,judecător
Dragomir,Ioana,F,38,2008,judecător
Dragu,Creţu,M,39,2008,judecător
Dumitru,Magdalena,F,40,2008,judecător
Duţă,Adrian,M,41,2008,judecător
Ezer,Emilia,F,42,2008,judecător
Floarea,Elena,F,43,2008,judecător
Floarea,Gheorghe,M,44,2008,judecător
Frumuşelu,Magdalena-Carmen,F,45,2008,judecător
Gaiţă ,Maria,F,46,2008,judecător
Gaspar,Gabriela,F,47,2008,judecător
Gheorghe,Dumitru,M,48,2008,judecător
Gherasim,Traian,M,49,2008,judecător
Ghermeli,Magdalena,F,50,2008,judecător
Ghiciu,Paşcu,M,51,2008,judecător
Glodean,Florica,F,53,2008,judecător
Griga,Ioan,M,54,2008,judecător
Grigoraş,Nina Ecaterina,F,55,2008,judecător
Iacob,Ioana,F,56,2008,judecător
Ianoşi,Carmen Minodora,F,57,2008,judecător
Ilie,Maria Carmen,F,58,2008,judecător
Ioaniţiu,Elisabeta,F,59,2008,judecător
Ionescu,Gabriel,M,60,2008,judecător
Ionescu,Ioan,M,61,2008,judecător
Ionescu,Margareta Angela Sanda,F,62,2008,judecător
Isailă,Mărioara,F,63,2008,judecător
Jîjîie,Corina,F,65,2008,judecător
Lazăr,Rozalia Ana,F,254,2008,judecător
Lovin,Edita,F,66,2008,judecător
Lungeanu,Viorica,F,67,2008,judecător
Lungu,Carmen Fulga Garofiţa,F,68,2008,judecător
Luţac,Gheorghiţa,F,69,2008,judecător
Luzescu,Cristina,F,70,2008,judecător
Măniguţiu,Nicolae,M,76,2008,judecător
Marcu ,Simona Camelia,F,71,2008,judecător
Marin,Eugenia,F,72,2008,judecător
Marta,Elena Daniela,F,73,2008,judecător
Mateescu,Gheorghe Ştefan,M,74,2008,judecător
Matei,Ionuţ Mihai,M,75,2008,judecător
Mihai,Maria Despina,F,77,2008,judecător
Moglan,Raluca,F,78,2008,judecător
Motea,Aurelia,F,79,2008,judecător
Nebela,Silvia,F,80,2008,judecător
Nestor,Beatrice Ioana,F,81,2008,judecător
Nicolae,Adina-Georgeta,F,82,2008,judecător
Olaru,Maura,F,83,2008,judecător
Pandrea,Anton,M,84,2008,judecător
Pantea,Paula,F,85,2008,judecător
Paşca Cameniţă,Victor Vincenţiu,M,86,2008,judecător
Petrişor,Nela,F,87,2008,judecător
Pistol,Ştefan,M,88,2008,judecător
Popa,Eugenia,F,89,2008,judecător
Popa,Rodica Aida,F,90,2008,judecător
Popescu,Doina,F,91,2008,judecător
Popescu,Iuliana,F,92,2008,judecător
Popescu,Veronica Carmen,F,93,2008,judecător
Popescu ,Zenovia Mariana,F,94,2008,judecător
Popoiag,Elena Carmen,F,95,2008,judecător
Popov,Valerica,F,96,2008,judecător
Preda,Joiţa,F,97,2008,judecător
Prodan,Marioara,F,98,2008,judecător
Puşoiu,Iuliana,F,99,2008,judecător
Rădulescu,Veronica,F,100,2008,judecător
Savin,Ana Alexandrina,F,102,2008,judecător
Sîrbu,Carmen,F,103,2008,judecător
Spineanu Matei,Octavia,F,104,2008,judecător
Stecoza,Gabriela,F,106,2008,judecător
Ştefănescu,Mariana Brânduşa,F,108,2008,judecător
Surdescu,Ioana,F,107,2008,judecător
Tăbârcă,Mihaela,F,110,2008,judecător
Tarcea,Cristina Iulia,F,109,2008,judecător
Teau,Carmen Trănica,F,111,2008,judecător
Teodorescu,Georgeta,F,112,2008,judecător
Teodorescu,Margareta,F,113,2008,judecător
Teodorovici,Niculai,M,114,2008,judecător
Toacă,Dorica,F,115,2008,judecător
Toader,Camelia,F,116,2008,judecător
Ţuca,Alina Iuliana,F,117,2008,judecător
Vartires,Dana Iarina,F,118,2008,judecător
Vasile,Alixandri,M,119,2008,judecător
Viciu,Anca,F,120,2008,judecător
Vişan,Liliana,F,121,2008,judecător
Vrânceanu,Romaniţa Ecaterina,F,122,2008,judecător
Zglimbea,Luminiţa,F,123,2008,judecător
Popa,Nicolae,M,1,2008,preşedinte
Stanciu,Livia Doina,F,105,2008,preşedinte cu delegaţia secţia penală
Bîrsan,Gabriela Victoria,F,5,2008,preşedinte secţia adminstrativ contencios şi fiscal
Costiniu,Florin,M,3,2008,preşedinte secţia civilă şi proprietate intelectuală
Lohan,Eugenia,F,4,2008,preşedinte secţia comercială
Bărbulescu,Lidia,F,2,2008,vicepreşedinte
Albu,Emanuel,M,6,2009,judecător
Anghelescu,Maria,F,7,2009,judecător
Arghir ,Christina Geanina,F,8,2009,judecător
Aron,Mircea,M,9,2009,judecător
Barbălată,Georgeta,F,10,2009,judecător
Bărbulescu,Voica Ioana,F,11,2009,judecător
Bărcănescu ,Dragoş,M,12,2009,judecător
Belu-Magdo,Mona Lisa,F,13,2009,judecător
Bogasiu,Gabriela Elena,F,14,2009,judecător
Bordea,Adrian,M,15,2009,judecător
Brânzan,Contantin,M,17,2009,judecător
Bratu,Camelia,F,16,2009,judecător
Budă,Marian,M,18,2009,judecător
Buta,Cristina Mădălina,F,19,2009,judecător
Buta,Gheorghe,M,20,2009,judecător
Canţăr ,Elena,F,21,2009,judecător
Cârcei,Elena,F,23,2009,judecător
Cătănoiu,Georgeta,F,22,2009,judecător
Chioseaua,Adriana,F,24,2009,judecător
Ciontu,Ştefan,M,27,2009,judecător
Cîrstocea,Mariana,F,25,2009,judecător
Cismaru,Filoftea,F,26,2009,judecător
Ciucă,Gilica,F,28,2009,judecător
Constanda,Andreia Liana,F,29,2009,judecător
Cornoiu,Dănuţ,M,30,2009,judecător
Cosma,Rodica,F,31,2009,judecător
Curelea,Lavinia,F,32,2009,judecător
Dascălu,Ana Maria,F,33,2009,judecător
David,Maria,F,34,2009,judecător
Deneş,Adriana Viorica,F,35,2009,judecător
Dragne,Angela,F,36,2009,judecător
Dragomir,Ilie Iulian,M,37,2009,judecător
Dragomir,Ioana,F,38,2009,judecător
Dragu,Creţu,M,39,2009,judecător
Dumitru,Magdalena,F,40,2009,judecător
Duţă,Adrian,M,41,2009,judecător
Ezer,Emilia,F,42,2009,judecător
Floarea,Elena,F,43,2009,judecător
Floarea,Gheorghe,M,44,2009,judecător
Frumuşelu,Magdalena-Carmen,F,45,2009,judecător
Gaiţă ,Maria,F,46,2009,judecător
Gaspar,Gabriela,F,47,2009,judecător
Gheorghe,Dumitru,M,48,2009,judecător
Gherasim,Traian,M,49,2009,judecător
Ghermeli,Magdalena,F,50,2009,judecător
Ghiciu,Paşcu,M,51,2009,judecător
Giurgiu,Liviu,M,52,2009,judecător
Glodean,Florica,F,53,2009,judecător
Griga,Ioan,M,54,2009,judecător
Grigoraş,Nina Ecaterina,F,55,2009,judecător
Iacob,Ioana,F,56,2009,judecător
Ianoşi,Carmen Minodora,F,57,2009,judecător
Ilie,Maria Carmen,F,58,2009,judecător
Ioaniţiu,Elisabeta,F,59,2009,judecător
Ionescu,Gabriel,M,60,2009,judecător
Ionescu,Ioan,M,61,2009,judecător
Ionescu,Margareta Angela Sanda,F,62,2009,judecător
Isailă,Mărioara,F,63,2009,judecător
Jidovu,Nicu,M,64,2009,judecător
Jîjîie,Corina,F,65,2009,judecător
Lovin,Edita,F,66,2009,judecător
Lungeanu,Viorica,F,67,2009,judecător
Lungu,Carmen Fulga Garofiţa,F,68,2009,judecător
Luţac,Gheorghiţa,F,69,2009,judecător
Luzescu,Cristina,F,70,2009,judecător
Măniguţiu,Nicolae,M,76,2009,judecător
Marcu ,Simona Camelia,F,71,2009,judecător
Marin,Eugenia,F,72,2009,judecător
Marta,Elena Daniela,F,73,2009,judecător
Mateescu,Gheorghe Ştefan,M,74,2009,judecător
Matei,Ionuţ Mihai,M,75,2009,judecător
Mihai,Maria Despina,F,77,2009,judecător
Moglan,Raluca,F,78,2009,judecător
Motea,Aurelia,F,79,2009,judecător
Nebela,Silvia,F,80,2009,judecător
Nestor,Beatrice Ioana,F,81,2009,judecător
Nicolae,Adina-Georgeta,F,82,2009,judecător
Olaru,Maura,F,83,2009,judecător
Pandrea,Anton,M,84,2009,judecător
Pantea,Paula,F,85,2009,judecător
Paşca Cameniţă,Victor Vincenţiu,M,86,2009,judecător
Petrişor,Nela,F,87,2009,judecător
Pistol,Ştefan,M,88,2009,judecător
Popa,Eugenia,F,89,2009,judecător
Popa,Rodica Aida,F,90,2009,judecător
Popescu,Doina,F,91,2009,judecător
Popescu,Iuliana,F,92,2009,judecător
Popescu,Veronica Carmen,F,93,2009,judecător
Popescu ,Zenovia Mariana,F,94,2009,judecător
Popoiag,Elena Carmen,F,95,2009,judecător
Popov,Valerica,F,96,2009,judecător
Preda,Joiţa,F,97,2009,judecător
Prodan,Marioara,F,98,2009,judecător
Puşoiu,Iuliana,F,99,2009,judecător
Râciu,Iuliana,F,101,2009,judecător
Rădulescu,Veronica,F,100,2009,judecător
Savin,Ana Alexandrina,F,102,2009,judecător
Sîrbu,Carmen,F,103,2009,judecător
Spineanu Matei,Octavia,F,104,2009,judecător
Stanciu,Livia Doina,F,105,2009,judecător
Stecoza,Gabriela,F,106,2009,judecător
Ştefănescu,Mariana Brânduşa,F,108,2009,judecător
Surdescu,Ioana,F,107,2009,judecător
Tabârcă,Mihaela,F,110,2009,judecător
Tarcea,Cristina Iulia,F,109,2009,judecător
Teau,Carmen Trănica,F,111,2009,judecător
Teodorescu,Georgeta,F,112,2009,judecător
Teodorescu,Margareta,F,113,2009,judecător
Teodorovici,Niculai,M,114,2009,judecător
Toacă,Dorica,F,115,2009,judecător
Toader,Camelia,F,116,2009,judecător
Ţuca,Alina Iuliana,F,117,2009,judecător
Vartires,Dana Iarina,F,118,2009,judecător
Vasile,Alixandri,M,119,2009,judecător
Viciu,Anca,F,120,2009,judecător
Vişan,Liliana,F,121,2009,judecător
Vrânceanu,Romaniţa Ecaterina,F,122,2009,judecător
Zglimbea,Luminiţa,F,123,2009,judecător
Popa,Nicolae,M,1,2009,preşedinte
Costiniu,Florin,M,3,2009,preşedinte secţia civiliă şi proprietate intelectuală
Lohan,Eugenia,F,4,2009,preşedinte secţia comercială
Bîrsan,Gabriela Victoria,F,5,2009,preşedinte secţia contencios administrativ şi fiscal
Bărbulescu,Lidia,F,2,2009,vicepreşedinte
Albu,Emanuel,M,6,2010,judecător
Alexandru,Niculina,F,125,2010,judecător
Arghir ,Christina Geanina,F,8,2010,judecător
Aron,Mircea,M,9,2010,judecător
Barbă,Ionel,M,126,2010,judecător
Barbălată,Georgeta,F,10,2010,judecător
Bărcănescu ,Dragoş,M,12,2010,judecător
Belu-Magdo,Mona Lisa,F,13,2010,judecător
Bogasiu,Gabriela Elena,F,14,2010,judecător
Bordea,Adrian,M,15,2010,judecător
Brânzan,Contantin,M,17,2010,judecător
Brehar,Paulina Licua,F,127,2010,judecător
Budă,Marian,M,18,2010,judecător
Buta,Cristina Mădălina,F,19,2010,judecător
Canţăr ,Elena,F,21,2010,judecător
Cârcei,Elena,F,23,2010,judecător
Chioseaua,Adriana,F,24,2010,judecător
Cîrstocea,Mariana,F,25,2010,judecător
Constanda,Andreia Liana,F,29,2010,judecător
Cornoiu,Dănuţ,M,30,2010,judecător
Cosma,Rodica,F,31,2010,judecător
Cosma,Rodica,F,128,2010,judecător
Costiniu,Florin,M,3,2010,judecător
Dascălu,Ana Maria,F,33,2010,judecător
David,Maria,F,34,2010,judecător
Deneş,Adriana Viorica,F,35,2010,judecător
Dragne,Angela,F,36,2010,judecător
Dragomir,Ilie Iulian,M,37,2010,judecător
Dragu,Creţu,M,39,2010,judecător
Duican,Doina,F,130,2010,judecător
Dumitraşcu,Sofica,F,131,2010,judecător
Ezer,Emilia,F,42,2010,judecător
Floarea,Gheorghe,M,44,2010,judecător
Frumuşelu,Magdalena-Carmen,F,45,2010,judecător
Gherasim,Traian,M,49,2010,judecător
Ghiciu,Paşcu,M,51,2010,judecător
Griga,Ioan,M,54,2010,judecător
Grigoraş,Nina Ecaterina,F,55,2010,judecător
Iacob,Ioana,F,56,2010,judecător
Ianoşi,Carmen Minodora,F,57,2010,judecător
Ilie,Maria Carmen,F,58,2010,judecător
Ioaniţiu,Elisabeta,F,59,2010,judecător
Ionescu,Gabriel,M,60,2010,judecător
Isailă,Mărioara,F,63,2010,judecător
Jidovu,Nicu,M,64,2010,judecător
Jîjîie,Corina,F,65,2010,judecător
Jipa,Cristian,M,132,2010,judecător
Lungeanu,Viorica,F,67,2010,judecător
Luţac,Gheorghiţa,F,69,2010,judecător
Luzescu,Cristina,F,70,2010,judecător
Macavei,Săndel Lucian,M,133,2010,judecător
Măniguţiu,Nicolae,M,76,2010,judecător
Marcu ,Simona Camelia,F,71,2010,judecător
Marin,Eugenia,F,72,2010,judecător
Marta,Elena Daniela,F,73,2010,judecător
Matei,Ionuţ Mihai,M,75,2010,judecător
Mihai,Maria Despina,F,77,2010,judecător
Moglan,Raluca,F,78,2010,judecător
Motea,Aurelia,F,79,2010,judecător
Nebela,Silvia,F,80,2010,judecător
Negrilă,Georgeta Carmen,F,134,2010,judecător
Nestor,Beatrice Ioana,F,81,2010,judecător
Nicolae,Adina-Georgeta,F,82,2010,judecător
Olaru,Maura,F,83,2010,judecător
Pantea,Paula,F,85,2010,judecător
Pasăre,Diana Iuliana,F,135,2010,judecător
Paşca Cameniţă,Victor Vincenţiu,M,86,2010,judecător
Pascu,Sorin,M,136,2010,judecător
Păun,Luiza Maria,F,137,2010,judecător
Petrişor,Nela,F,87,2010,judecător
Pistol,Ştefan,M,88,2010,judecător
Popa,Roxana,F,138,2010,judecător
Popescu,Doina,F,91,2010,judecător
Popescu,Iuliana,F,92,2010,judecător
Popescu,Veronica Carmen,F,93,2010,judecător
Popescu ,Zenovia Mariana,F,94,2010,judecător
Popoiag,Elena Carmen,F,95,2010,judecător
Preda,Joiţa,F,97,2010,judecător
Puşcaşiu,Eugenia,F,139,2010,judecător
Puşoiu,Iuliana,F,99,2010,judecător
Râciu,Iuliana,F,101,2010,judecător
Rădulescu,Veronica,F,100,2010,judecător
Sîrbu,Carmen,F,103,2010,judecător
Spineanu Matei,Octavia,F,104,2010,judecător
Stamatescu,Elena Adriana,F,140,2010,judecător
Stanciu,Livia Doina,F,105,2010,judecător
Ştefănescu,Mariana Brânduşa,F,108,2010,judecător
Susanu,Rodica,F,141,2010,judecător
Tabârcă,Mihaela,F,110,2010,judecător
Tarcea,Cristina Iulia,F,109,2010,judecător
Teau,Carmen Trănica,F,111,2010,judecător
Teodorescu,Georgeta,F,112,2010,judecător
Toacă,Dorica,F,115,2010,judecător
Toader,Camelia,F,116,2010,judecător
Trestianu ,Viorica,F,142,2010,judecător
Ţuca,Alina Iuliana,F,117,2010,judecător
Vartires,Dana Iarina,F,118,2010,judecător
Vasile,Alixandri,M,119,2010,judecător
Viciu,Anca,F,120,2010,judecător
Vişan,Liliana,F,121,2010,judecător
Voicu,Rodica Florica,F,143,2010,judecător
Vrânceanu,Romaniţa Ecaterina,F,122,2010,judecător
Zglimbea,Luminiţa,F,123,2010,judecător
Bărbulescu,Lidia,F,2,2010,preşedinte
Curelea,Lavinia,F,32,2010,preşedinte cu delegaţie secţia civilă şi proprietate intelectuală
Buta,Gheorghe,M,20,2010,preşedinte secţia comercială
Bîrsan,Gabriela Victoria,F,5,2010,preşedinte secţia contencios administrativ si fiscal
Pandrea,Anton,M,84,2010,preşedinte secţia penală
Popa,Rodica Aida,F,90,2010,vicepreşedinte
Albu,Emanuel,M,6,2011,judecător
Alexandru,Niculina,F,125,2011,judecător
Arghir ,Christina Geanina,F,8,2011,judecător
Aron,Mircea,M,9,2011,judecător
Barbă,Ionel,M,126,2011,judecător
Barbălată,Georgeta,F,10,2011,judecător
Bărbulescu,Voica Ioana,F,11,2011,judecător
Belu-Magdo,Mona Lisa,F,13,2011,judecător
Bogasiu,Gabriela Elena,F,14,2011,judecător
Bogdan,Ioana,F,144,2011,judecător
Brânzan,Contantin,M,17,2011,judecător
Brehar,Paulina Licua,F,127,2011,judecător
Budă,Marian,M,18,2011,judecător
Buta,Cristina Mădălina,F,19,2011,judecător
Canţăr ,Elena,F,21,2011,judecător
Cârcei,Elena,F,23,2011,judecător
Chioseaua,Adriana,F,24,2011,judecător
Cîrnu,Iulia Manuela,F,145,2011,judecător
Cîrstocea,Mariana,F,25,2011,judecător
Ciucă,Gilica,F,28,2011,judecător
Condoiu,Minodora,F,146,2011,judecător
Constanda,Andreia Liana,F,29,2011,judecător
Corbu,Corina Alina,F,147,2011,judecător
Cornoiu,Dănuţ,M,30,2011,judecător
Cornoiu Jităraşu,Victor,M,148,2011,judecător
Cosma,Rodica,F,31,2011,judecător
Cosma,Viorica,F,149,2011,judecător
Costiniu,Florin,M,3,2011,judecător
Dascălu,Ana Maria,F,33,2011,judecător
David,Maria,F,34,2011,judecător
Deneş,Adriana Viorica,F,35,2011,judecător
Dolache,Ileana Izabela,F,150,2011,judecător
Dragne,Angela,F,36,2011,judecător
Dragomir,Ilie Iulian,M,37,2011,judecător
Dragomir,Florentina,F,151,2011,judecător
Dragu,Creţu,M,39,2011,judecător
Duican,Doina,F,130,2011,judecător
Dumitraşcu,Sofica,F,131,2011,judecător
Ezer,Emilia,F,42,2011,judecător
Floarea,Elena,F,43,2011,judecător
Floarea,Gheorghe,M,44,2011,judecător
Frumuşelu,Magdalena-Carmen,F,45,2011,judecător
Ghena ,Mariana,F,153,2011,judecător
Gherasim,Traian,M,49,2011,judecător
Griga,Ioan,M,54,2011,judecător
Grigoraş,Nina Ecaterina,F,55,2011,judecător
Iacob,Ioana,F,56,2011,judecător
Iancu,Ana Hermina,F,154,2011,judecător
Ianoşi,Carmen Minodora,F,57,2011,judecător
Ilie,Maria Carmen,F,58,2011,judecător
Iordache,Magdalena,F,155,2011,judecător
Isailă,Mărioara,F,63,2011,judecător
Jidovu,Nicu,M,64,2011,judecător
Lungeanu,Viorica,F,67,2011,judecător
Luţac,Gheorghiţa,F,69,2011,judecător
Luzescu,Cristina,F,70,2011,judecător
Macavei,Săndel Lucian,M,133,2011,judecător
Macavei,Sorinela Alina,F,156,2011,judecător
Măniguţiu,Nicolae,M,76,2011,judecător
Marcu ,Simona Camelia,F,71,2011,judecător
Marin,Eugenia,F,72,2011,judecător
Marta,Elena Daniela,F,73,2011,judecător
Matei,Ionuţ Mihai,M,75,2011,judecător
Moglan,Raluca,F,78,2011,judecător
Motea,Aurelia,F,79,2011,judecător
Năstase,Tatiana Gabriela,F,157,2011,judecător
Nebela,Silvia,F,80,2011,judecător
Negrilă,Georgeta Carmen,F,134,2011,judecător
Neniţă,Simona Cristina,F,158,2011,judecător
Nestor,Beatrice Ioana,F,81,2011,judecător
Nicolae,Adina-Georgeta,F,82,2011,judecător
Olaru,Maura,F,83,2011,judecător
Pantea,Paula,F,85,2011,judecător
Pasăre,Diana Iuliana,F,135,2011,judecător
Paşca Cameniţă,Victor Vincenţiu,M,86,2011,judecător
Pascu,Sorin,M,136,2011,judecător
Păun,Luiza Maria,F,137,2011,judecător
Petrişor,Nela,F,87,2011,judecător
Pistol,Ştefan,M,88,2011,judecător
Pivniceru,Mona Maria,F,159,2011,judecător
Poliţeanu,Mirela,F,160,2011,judecător
Popa,Roxana,F,138,2011,judecător
Popescu,Doina,F,91,2011,judecător
Popescu,Iuliana,F,92,2011,judecător
Popescu,Veronica Carmen,F,93,2011,judecător
Popescu,Mirela Sorina,F,161,2011,judecător
Popescu ,Zenovia Mariana,F,94,2011,judecător
Popoiag,Elena Carmen,F,95,2011,judecător
Preda,Joiţa,F,97,2011,judecător
Preda Popescu,Florentina,F,162,2011,judecător
Puşcaşiu,Eugenia,F,139,2011,judecător
Puşoiu,Iuliana,F,99,2011,judecător
Râciu,Iuliana,F,101,2011,judecător
Rădulescu,Veronica,F,100,2011,judecător
Rotaru,Cristina,F,163,2011,judecător
Rusu,Aurelia,F,164,2011,judecător
Sîrbu,Carmen,F,103,2011,judecător
Spineanu Matei,Octavia,F,104,2011,judecător
Ştefănescu,Mariana Brânduşa,F,108,2011,judecător
Susanu,Rodica,F,141,2011,judecător
Tabârcă,Mihaela,F,110,2011,judecător
Ţăndărescu,Bianca Elena,F,165,2011,judecător
Tarcea,Cristina Iulia,F,109,2011,judecător
Teau,Carmen Trănica,F,111,2011,judecător
Teodorescu,Georgeta,F,112,2011,judecător
Toacă,Dorica,F,115,2011,judecător
Toader,Camelia,F,116,2011,judecător
Trestianu ,Viorica,F,142,2011,judecător
Ţuca,Alina Iuliana,F,117,2011,judecător
Vartires,Dana Iarina,F,118,2011,judecător
Vasile,Alixandri,M,119,2011,judecător
Vişan,Liliana,F,121,2011,judecător
Voicu,Rodica Florica,F,143,2011,judecător
Vrânceanu,Romaniţa Ecaterina,F,122,2011,judecător
Zglimbea,Luminiţa,F,123,2011,judecător
Draguţ,Florentin Sorin,M,152,2011,nu spune
Stanciu,Livia Doina,F,105,2011,preşedinte
Curelea,Lavinia,F,32,2011,preşedinte secţia civila şi propietate intelectuala
Bordea,Adrian,M,15,2011,Preşedinte secţia comercială
Bîrsan,Gabriela Victoria,F,5,2011,preşedinte secţia contencios administrativ şi fiscal
Jîjîie,Corina,F,65,2011,preşedinte secţia penală
Popa,Rodica Aida,F,90,2011,vicepreşedinte
Albu,Emanuel,M,6,2012,judecător
Arghir ,Christina Geanina,F,8,2012,judecător
Aron,Mircea,M,9,2012,judecător
Barbălată,Georgeta,F,10,2012,judecător
Belu-Magdo,Mona Lisa,F,13,2012,judecător
Bîrsan,Gabriela Victoria,F,5,2012,judecător
Bogasiu,Gabriela Elena,F,14,2012,judecător
Bogdan,Ioana,F,144,2012,judecător
Brehar,Paulina Licua,F,127,2012,judecător
Budă,Marian,M,18,2012,judecător
Buta,Cristina Mădălina,F,19,2012,judecător
Canţăr ,Elena,F,21,2012,judecător
Cârcei,Elena,F,23,2012,judecător
Chioseaua,Adriana,F,24,2012,judecător
Cîrnu,Iulia Manuela,F,145,2012,judecător
Cîrstocea,Mariana,F,25,2012,judecător
Cobzariu,Maricela,F,167,2012,judecător
Condoiu,Minodora,F,146,2012,judecător
Constanda,Andreia Liana,F,29,2012,judecător
Corbu,Corina Alina,F,147,2012,judecător
Cornoiu,Dănuţ,M,30,2012,judecător
Cornoiu Jităraşu,Victor,M,148,2012,judecător
Cosma,Rodica,F,128,2012,judecător
Cosma,Viorica,F,149,2012,judecător
Costiniu,Florin,M,3,2012,judecător
Dascălu,Ana Maria,F,33,2012,judecător
David,Maria,F,34,2012,judecător
Deneş,Adriana Viorica,F,35,2012,judecător
Dolache,Ileana Izabela,F,150,2012,judecător
Dragomir,Ilie Iulian,M,37,2012,judecător
Dragomir,Florentina,F,151,2012,judecător
Dragu,Creţu,M,39,2012,judecător
Duican,Doina,F,130,2012,judecător
Dumitraşcu,Sofica,F,131,2012,judecător
Ezer,Emilia,F,42,2012,judecător
Floarea,Elena,F,43,2012,judecător
Frumuşelu,Magdalena-Carmen,F,45,2012,judecător
Ghena ,Mariana,F,153,2012,judecător
Gherasim,Traian,M,49,2012,judecător
Griga,Ioan,M,54,2012,judecător
Grigoraş,Nina Ecaterina,F,55,2012,judecător
Iacob,Ioana,F,56,2012,judecător
Ianoşi,Carmen Minodora,F,57,2012,judecător
Ilie,Maria Carmen,F,58,2012,judecător
Ilie ,Ioana Alina,F,176,2012,judecător
Iordache,Magdalena,F,155,2012,judecător
Isailă,Mărioara,F,63,2012,judecător
Jidovu,Nicu,M,64,2012,judecător
Lefterache,Lavinia Valeria,F,179,2012,judecător
Lungeanu,Viorica,F,67,2012,judecător
Luţac,Gheorghiţa,F,69,2012,judecător
Luzescu,Cristina,F,70,2012,judecător
Macavei,Săndel Lucian,M,133,2012,judecător
Macavei,Sorinela Alina,F,156,2012,judecător
Măniguţiu,Nicolae,M,76,2012,judecător
Marcu ,Simona Camelia,F,71,2012,judecător
Marin,Eugenia,F,72,2012,judecător
Matei,Ionuţ Mihai,M,75,2012,judecător
Moglan,Raluca,F,78,2012,judecător
Motea,Aurelia,F,79,2012,judecător
Năstase,Tatiana Gabriela,F,157,2012,judecător
Nebela,Silvia,F,80,2012,judecător
Negrilă,Georgeta Carmen,F,134,2012,judecător
Neniţă,Simona Cristina,F,158,2012,judecător
Nestor,Beatrice Ioana,F,81,2012,judecător
Nicolae,Adina-Georgeta,F,82,2012,judecător
Pantea,Paula,F,85,2012,judecător
Paraschiv,Mihaela,F,183,2012,judecător
Pasăre,Diana Iuliana,F,135,2012,judecător
Paşca Cameniţă,Victor Vincenţiu,M,86,2012,judecător
Pascu,Sorin,M,136,2012,judecător
Păun,Luiza Maria,F,137,2012,judecător
Petrişor,Nela,F,87,2012,judecător
Pistol,Ştefan,M,88,2012,judecător
Pivniceru,Mona Maria,F,159,2012,judecător
Popa,Roxana,F,138,2012,judecător
Popescu,Doina,F,91,2012,judecător
Popescu,Mirela Sorina,F,161,2012,judecător
Popescu ,Zenovia Mariana,F,94,2012,judecător
Popoiag,Elena Carmen,F,95,2012,judecător
Preda,Joiţa,F,97,2012,judecător
Preda Popescu,Florentina,F,162,2012,judecător
Puşcaşiu,Eugenia,F,139,2012,judecător
Râciu,Iuliana,F,101,2012,judecător
Rog,Lucia Tatiana,F,185,2012,judecător
Rotaru,Cristina,F,163,2012,judecător
Rusu,Aurelia,F,164,2012,judecător
Cismasiu,Leontina,F,188,2012,judecător
Sîrbu,Carmen,F,103,2012,judecător
Spineanu Matei,Octavia,F,104,2012,judecător
Ştefănescu,Mariana Brânduşa,F,108,2012,judecător
Susanu,Rodica,F,141,2012,judecător
Tabârcă,Mihaela,F,110,2012,judecător
Ţăndărescu,Bianca Elena,F,165,2012,judecător
Tarcea,Cristina Iulia,F,109,2012,judecător
Teau,Carmen Trănica,F,111,2012,judecător
Teodorescu,Georgeta,F,112,2012,judecător
Toacă,Dorica,F,115,2012,judecător
Toader,Camelia,F,116,2012,judecător
Vartires,Dana Iarina,F,118,2012,judecător
Vasile,Francisca,F,198,2012,judecător
Voicu,Rodica Florica,F,143,2012,judecător
Vrânceanu,Romaniţa Ecaterina,F,122,2012,judecător
Zglimbea,Luminiţa,F,123,2012,judecător
Draguţ,Florentin Sorin,M,152,2012,nu spune
Stanciu,Livia Doina,F,105,2012,preşedinte
Curelea,Lavinia,F,32,2012,preşedinte secţia civile şi proprietate intelectuală
Bordea,Adrian,M,15,2012,preşedinte secţia comercială
Barbă,Ionel,M,126,2012,preşedinte secţia contencios administrativ si fiscal
Jîjîie,Corina,F,65,2012,preşedinte secţia penală
Popa,Rodica Aida,F,90,2012,vicepreşedinte
Bîrsan,Gabriela Victoria,F,5,2013,judecător
Albu,Emanuel,M,6,2013,judecător
Arghir ,Christina Geanina,F,8,2013,judecător
Aron,Mircea,M,9,2013,judecător
Barbălată,Georgeta,F,10,2013,judecător
Bogasiu,Gabriela Elena,F,14,2013,judecător
Bordea,Adrian,M,15,2013,judecător
Brânzan,Contantin,M,17,2013,judecător
Budă,Marian,M,18,2013,judecător
Canţăr ,Elena,F,21,2013,judecător
Cârcei,Elena,F,23,2013,judecător
Chioseaua,Adriana,F,24,2013,judecător
Cîrstocea,Mariana,F,25,2013,judecător
Constanda,Andreia Liana,F,29,2013,judecător
Cornoiu,Dănuţ,M,30,2013,judecător
Dascălu,Ana Maria,F,33,2013,judecător
David,Maria,F,34,2013,judecător
Dragne,Angela,F,36,2013,judecător
Dragomir,Ilie Iulian,M,37,2013,judecător
Dragu,Creţu,M,39,2013,judecător
Floarea,Elena,F,43,2013,judecător
Frumuşelu,Magdalena-Carmen,F,45,2013,judecător
Grigoraş,Nina Ecaterina,F,55,2013,judecător
Ianoşi,Carmen Minodora,F,57,2013,judecător
Ilie,Maria Carmen,F,58,2013,judecător
Isailă,Mărioara,F,63,2013,judecător
Lungeanu,Viorica,F,67,2013,judecător
Luţac,Gheorghiţa,F,69,2013,judecător
Luzescu,Cristina,F,70,2013,judecător
Marcu ,Simona Camelia,F,71,2013,judecător
Marin,Eugenia,F,72,2013,judecător
Matei,Ionuţ Mihai,M,75,2013,judecător
Măniguţiu,Nicolae,M,76,2013,judecător
Moglan,Raluca,F,78,2013,judecător
Motea,Aurelia,F,79,2013,judecător
Nestor,Beatrice Ioana,F,81,2013,judecător
Nicolae,Adina-Georgeta,F,82,2013,judecător
Pantea,Paula,F,85,2013,judecător
Petrişor,Nela,F,87,2013,judecător
Pistol,Ştefan,M,88,2013,judecător
Popa,Rodica Aida,F,90,2013,judecător
Popescu,Doina,F,91,2013,judecător
Popoiag,Elena Carmen,F,95,2013,judecător
Râciu,Iuliana,F,101,2013,judecător
Sîrbu,Carmen,F,103,2013,judecător
Spineanu Matei,Octavia,F,104,2013,judecător
Tabârcă,Mihaela,F,110,2013,judecător
Teau,Carmen Trănica,F,111,2013,judecător
Ţuca,Alina Iuliana,F,117,2013,judecător
Vartires,Dana Iarina,F,118,2013,judecător
Vişan,Liliana,F,121,2013,judecător
Vrânceanu,Romaniţa Ecaterina,F,122,2013,judecător
Zglimbea,Luminiţa,F,123,2013,judecător
Brehar,Paulina Licua,F,127,2013,judecător
Cosma,Rodica,F,128,2013,judecător
Duican,Doina,F,130,2013,judecător
Dumitraşcu,Sofica,F,131,2013,judecător
Jipa,Cristian,M,132,2013,judecător
Macavei,Săndel Lucian,M,133,2013,judecător
Negrilă,Georgeta Carmen,F,134,2013,judecător
Păun,Luiza Maria,F,137,2013,judecător
Puşcaşiu,Eugenia,F,139,2013,judecător
Susanu,Rodica,F,141,2013,judecător
Trestianu ,Viorica,F,142,2013,judecător
Bogdan,Ioana,F,144,2013,judecător
Cîrnu,Iulia Manuela,F,145,2013,judecător
Condoiu,Minodora,F,146,2013,judecător
Corbu,Corina Alina,F,147,2013,judecător
Cosma,Viorica,F,149,2013,judecător
Dolache,Ileana Izabela,F,150,2013,judecător
Dragomir,Florentina,F,151,2013,judecător
Draguţ,Florentin Sorin,M,152,2013,judecător
Ghena ,Mariana,F,153,2013,judecător
Iordache,Magdalena,F,155,2013,judecător
Macavei,Sorinela Alina,F,156,2013,judecător
Năstase,Tatiana Gabriela,F,157,2013,judecător
Neniţă,Simona Cristina,F,158,2013,judecător
Poliţeanu,Mirela,F,160,2013,judecător
Popescu,Mirela Sorina,F,161,2013,judecător
Rotaru,Cristina,F,163,2013,judecător
Rusu,Aurelia,F,164,2013,judecător
Ţăndărescu,Bianca Elena,F,165,2013,judecător
Cerbu,Silvia,F,166,2013,judecător
Cobzariu,Maricela,F,167,2013,judecător
Cristescu,Simona ,F,168,2013,judecător
Dascălu,Lavinia,F,169,2013,judecător
Dănăilă,Veronica Magdalena,F,170,2013,judecător
Dorin,Rodica,F,171,2013,judecător
Duţă,Ruxandra Monica,F,172,2013,judecător
Encean,Simona Daniela,F,173,2013,judecător
Foitoş,Marius Dan,M,174,2013,judecător
Hîncu,Cezar,M,175,2013,judecător
Ilie ,Ioana Alina,F,176,2013,judecător
Ion,Eugenia,F,177,2013,judecător
Ivanovici,Laura Mihaela,F,178,2013,judecător
Lefterache,Lavinia Valeria,F,179,2013,judecător
Mera,Luciana,F,180,2013,judecător
Mihăianu,Cosmin Horia,M,181,2013,judecător
Milăşan,Zoiţa,F,182,2013,judecător
Paraschiv,Mihaela,F,183,2013,judecător
Pietreanu,Simona Gina,F,184,2013,judecător
Rog,Lucia Tatiana,F,185,2013,judecător
Stanişor,Denisa Angelica,F,186,2013,judecător
Şelaru,Valentin Horia,M,187,2013,judecător
Şerban (Cismasiu),Leontina,F,188,2013,judecător
Văleanu,Petronela Cristina,F,189,2013,judecător
Vişan,Mirela,F,190,2013,judecător
Voicheci,Eugenia,F,191,2013,judecător
Zaharia,Rodica,F,192,2013,judecător
Vasile,Francisca,F,198,2013,judecător
Stanciu,Livia Doina,F,105,2013,preşedinte
Popa,Roxana,F,138,2013,preşedinte cu delegaţie secţia 2 civilă
Curelea,Lavinia,F,32,2013,preşedinte secţia 1 civila
Barbă,Ionel,M,126,2013,preşedinte secţia contencios administrativ şi fiscal
Jîjîie,Corina,F,65,2013,preşedinte secţia penală
Tarcea,Cristina Iulia,F,109,2013,vicepreşedinte
Albu,Emanuel,M,6,2014,judecător
Alexandrescu,Anca Mădălina,F,193,2014,judecător
Arghir ,Christina Geanina,F,8,2014,judecător
Aron,Mircea,M,9,2014,judecător
Barbălată,Georgeta,F,10,2014,judecător
Bîrsan,Gabriela Victoria,F,5,2014,judecător
Bogasiu,Gabriela Elena,F,14,2014,judecător
Bogdan,Ioana,F,144,2014,judecător
Bordea,Adrian,M,15,2014,judecător
Bratu,Camelia,F,16,2014,judecător
Brehar,Paulina Licua,F,127,2014,judecător
Budă,Marian,M,18,2014,judecător
Canţăr ,Elena,F,21,2014,judecător
Cârcei,Elena,F,23,2014,judecător
Cerbu,Silvia,F,166,2014,judecător
Chioseaua,Adriana,F,24,2014,judecător
Cîrnu,Iulia Manuela,F,145,2014,judecător
Cîrstocea,Mariana,F,25,2014,judecător
Cobzariu,Maricela,F,167,2014,judecător
Constanda,Andreia Liana,F,29,2014,judecător
Corbu,Corina Alina,F,147,2014,judecător
Cosma,Rodica,F,128,2014,judecător
Cosma,Viorica,F,149,2014,judecător
Cristescu,Simona ,F,168,2014,judecător
Dănăilă,Veronica Magdalena,F,170,2014,judecător
Dascălu,Lavinia,F,169,2014,judecător
Dolache,Ileana Izabela,F,150,2014,judecător
Dorin,Rodica,F,171,2014,judecător
Dragne,Angela,F,36,2014,judecător
Dragomir,Ilie Iulian,M,37,2014,judecător
Dragomir,Florentina,F,151,2014,judecător
Dragu,Creţu,M,39,2014,judecător
Draguţ,Florentin Sorin,M,152,2014,judecător
Duican,Doina,F,130,2014,judecător
Dumitraşcu,Sofica,F,131,2014,judecător
Duţă,Ruxandra Monica,F,172,2014,judecător
Encean,Simona Daniela,F,173,2014,judecător
Floarea,Elena,F,43,2014,judecător
Foitoş,Marius Dan,M,174,2014,judecător
Frumuşelu,Magdalena-Carmen,F,45,2014,judecător
Ghena ,Mariana,F,153,2014,judecător
Grigoraş,Nina Ecaterina,F,55,2014,judecător
Hîncu,Cezar,M,175,2014,judecător
Ianoşi,Carmen Minodora,F,57,2014,judecător
Ilie,Maria Carmen,F,58,2014,judecător
Ilie ,Ioana Alina,F,176,2014,judecător
Ion,Eugenia,F,177,2014,judecător
Iordache,Magdalena,F,155,2014,judecător
Isailă,Mărioara,F,63,2014,judecător
Ivanovici,Laura Mihaela,F,178,2014,judecător
Lefterache,Lavinia Valeria,F,179,2014,judecător
Lungeanu (Iancu),Viorica,F,67,2014,judecător
Luţac,Gheorghiţa,F,69,2014,judecător
Macavei,Săndel Lucian,M,133,2014,judecător
Macavei,Sorinela Alina,F,156,2014,judecător
Măniguţiu,Nicolae,M,76,2014,judecător
Marcu ,Simona Camelia,F,71,2014,judecător
Marin,Eugenia,F,72,2014,judecător
Mera,Luciana,F,180,2014,judecător
Mihăianu,Cosmin Horia,M,181,2014,judecător
Milăşan,Zoiţa,F,182,2014,judecător
Moglan,Raluca,F,78,2014,judecător
Motea,Aurelia,F,79,2014,judecător
Năstase,Tatiana Gabriela,F,157,2014,judecător
Negrilă,Georgeta Carmen,F,134,2014,judecător
Neniţă,Simona Cristina,F,158,2014,judecător
Nestor,Beatrice Ioana,F,81,2014,judecător
Nicolae,Adina-Georgeta,F,82,2014,judecător
Pantea,Paula,F,85,2014,judecător
Paraschiv,Mihaela,F,183,2014,judecător
Păun,Luiza Maria,F,137,2014,judecător
Petrişor,Nela,F,87,2014,judecător
Pietreanu,Simona Gina,F,184,2014,judecător
Pistol,Ştefan,M,88,2014,judecător
Poliţeanu,Mirela,F,160,2014,judecător
Popa,Rodica Aida,F,90,2014,judecător
Popescu,Doina,F,91,2014,judecător
Popescu,Mirela Sorina,F,161,2014,judecător
Popoiag,Elena Carmen,F,95,2014,judecător
Puşcaşiu,Eugenia,F,139,2014,judecător
Râciu,Iuliana,F,101,2014,judecător
Rog,Lucia Tatiana,F,185,2014,judecător
Rotaru (Radu),Cristina,F,163,2014,judecător
Rusu,Aurelia,F,164,2014,judecător
Şelaru,Valentin Horia,M,187,2014,judecător
Şerban (Cismasiu),Leontina,F,188,2014,judecător
Sîrbu,Carmen,F,103,2014,judecător
Spineanu Matei,Octavia,F,104,2014,judecător
Stanişor,Denisa Angelica,F,186,2014,judecător
Susanu,Rodica,F,141,2014,judecător
Tabârcă,Mihaela,F,110,2014,judecător
Ţăndărescu,Bianca Elena,F,165,2014,judecător
Teau,Carmen Trănica,F,111,2014,judecător
Trestianu ,Viorica,F,142,2014,judecător
Ţuca,Alina Iuliana,F,117,2014,judecător
Văleanu,Petronela Cristina,F,189,2014,judecător
Vartires,Dana Iarina,F,118,2014,judecător
Vişan,Liliana,F,121,2014,judecător
Vişan,Mirela,F,190,2014,judecător
Voicheci,Eugenia,F,191,2014,judecător
Voicu,Rodica Florica,F,143,2014,judecător
Vrânceanu,Romaniţa Ecaterina,F,122,2014,judecător
Zaharia,Rodica,F,192,2014,judecător
Zglimbea,Luminiţa,F,123,2014,judecător
Ilie,Gheorghe Aurel,M,194,2014,judecător
Măiereanu,Iuliana,F,195,2014,judecător
Năstasie,Veronica,F,196,2014,judecător
Ţăndăreanu,Nicoleta,F,197,2014,judecător
Vasile,Francisca,F,198,2014,judecător
Stanciu,Livia Doina,F,105,2014,preşedinte
Popa,Roxana,F,138,2014,preşedinte cu delegaţie secţia 2 civilă
Curelea,Lavinia,F,32,2014,preşedinte secţia 1 civilă
Barbă,Ionel,M,126,2014,preşedinte secţia contencios administrativ şi fiscal
Jîjîie,Corina,F,65,2014,preşedinte secţia penală
Matei,Ionuţ Mihai,M,75,2014,vicepreşedinte
Tarcea,Cristina Iulia,F,109,2014,vicepreşedinte
Albu,Emanuel,M,6,2015,judecător
Alexandrescu,Anca Mădălina,F,193,2015,judecător
Arghir ,Christina Geanina,F,8,2015,judecător
Aron,Mircea,M,9,2015,judecător
Barbălată,Georgeta,F,10,2015,judecător
Bîrsan,Gabriela Victoria,F,5,2015,judecător
Bogasiu,Gabriela Elena,F,14,2015,judecător
Bogdan,Ioana,F,144,2015,judecător
Bordea,Adrian,M,15,2015,judecător
Brânzan,Contantin,M,17,2015,judecător
Brehar,Paulina Licua,F,127,2015,judecător
Budă,Marian,M,18,2015,judecător
Buta,Cristina Mădălina,F,19,2015,judecător
Canţăr ,Elena,F,21,2015,judecător
Cârcei,Elena,F,23,2015,judecător
Cârnaru,Simona Elena,F,202,2015,judecător
Cerbu,Silvia,F,166,2015,judecător
Chioseaua,Adriana,F,24,2015,judecător
Cîrnu,Iulia Manuela,F,145,2015,judecător
Cîrstocea,Mariana,F,25,2015,judecător
Cobzariu,Maricela,F,167,2015,judecător
Condoiu,Minodora,F,146,2015,judecător
Constanda,Andreia Liana,F,29,2015,judecător
Corbu,Corina Alina,F,147,2015,judecător
Cosma,Rodica,F,128,2015,judecător
Cosma,Viorica,F,149,2015,judecător
Cristescu,Simona ,F,168,2015,judecător
Dănăilă,Veronica Magdalena,F,170,2015,judecător
Dascălu,Ana Maria,F,33,2015,judecător
Dascălu,Lavinia,F,169,2015,judecător
Dolache,Ileana Izabela,F,150,2015,judecător
Dorin,Rodica,F,171,2015,judecător
Dragne,Angela,F,36,2015,judecător
Dragomir,Ilie Iulian,M,37,2015,judecător
Dragomir,Florentina,F,151,2015,judecător
Dragu,Creţu,M,39,2015,judecător
Draguţ,Florentin Sorin,M,152,2015,judecător
Duican,Doina,F,130,2015,judecător
Dumitraşcu,Sofica,F,131,2015,judecător
Duţă,Ruxandra Monica,F,172,2015,judecător
Encean,Simona Daniela,F,173,2015,judecător
Floarea,Elena,F,43,2015,judecător
Foitoş,Marius Dan,M,174,2015,judecător
Frumuşelu,Magdalena-Carmen,F,45,2015,judecător
Ghena ,Mariana,F,153,2015,judecător
Gherasim,Adriana,F,211,2015,judecător
Grigoraş,Nina Ecaterina,F,55,2015,judecător
Hîncu,Cezar,M,175,2015,judecător
Iancu,Ana Hermina,F,154,2015,judecător
Ilie,Maria Carmen,F,58,2015,judecător
Ilie,Gheorghe Aurel,M,194,2015,judecător
Ilie ,Ioana Alina,F,176,2015,judecător
Ion,Eugenia,F,177,2015,judecător
Iordache,Magdalena,F,155,2015,judecător
Isailă,Mărioara,F,63,2015,judecător
Ivanovici,Laura Mihaela,F,178,2015,judecător
Lefterache,Lavinia Valeria,F,179,2015,judecător
Lungeanu (Iancu),Viorica,F,67,2015,judecător
Luţac,Gheorghiţa,F,69,2015,judecător
Macavei,Săndel Lucian,M,133,2015,judecător
Macavei,Sorinela Alina,F,156,2015,judecător
Măiereanu,Iuliana,F,195,2015,judecător
Măniguţiu,Nicolae,M,76,2015,judecător
Marcu ,Simona Camelia,F,71,2015,judecător
Marin,Eugenia,F,72,2015,judecător
Matei,Ionuţ Mihai,M,75,2015,judecător
Mera,Luciana,F,180,2015,judecător
Mihăianu,Cosmin Horia,M,181,2015,judecător
Milăşan,Zoiţa,F,182,2015,judecător
Moglan,Raluca,F,78,2015,judecător
Motea,Aurelia,F,79,2015,judecător
Năstase,Tatiana Gabriela,F,157,2015,judecător
Năstasie,Veronica,F,196,2015,judecător
Negrilă,Georgeta Carmen,F,134,2015,judecător
Neniţă,Simona Cristina,F,158,2015,judecător
Nestor,Beatrice Ioana,F,81,2015,judecător
Nicolae,Adina-Georgeta,F,82,2015,judecător
Oana,Cristian Daniel,M,223,2015,judecător
Pantea,Paula,F,85,2015,judecător
Paraschiv,Mihaela,F,183,2015,judecător
Păun,Luiza Maria,F,137,2015,judecător
Petrişor,Nela,F,87,2015,judecător
Pietreanu,Simona Gina,F,184,2015,judecător
Pistol,Ştefan,M,88,2015,judecător
Poliţeanu,Mirela,F,160,2015,judecător
Popa,Rodica Aida,F,90,2015,judecător
Popescu,Doina,F,91,2015,judecător
Popoiag,Elena Carmen,F,95,2015,judecător
Puşcaşiu,Eugenia,F,139,2015,judecător
Râciu,Iuliana,F,101,2015,judecător
Rog,Lucia Tatiana,F,185,2015,judecător
Rotaru (Radu),Cristina,F,163,2015,judecător
Rusu,Aurelia,F,164,2015,judecător
Şelaru,Valentin Horia,M,187,2015,judecător
Şerban (Cismasiu),Leontina,F,188,2015,judecător
Sîrbu,Carmen,F,103,2015,judecător
Stănişor,Denisa Angelica,F,186,2015,judecător
Susanu,Rodica,F,141,2015,judecător
Tabârcă,Mihaela,F,110,2015,judecător
Ţăndăreanu,Nicoleta,F,197,2015,judecător
Ţăndărescu,Bianca Elena,F,165,2015,judecător
Teau,Carmen Trănica,F,111,2015,judecător
Trestianu ,Viorica,F,142,2015,judecător
Ţuca,Alina Iuliana,F,117,2015,judecător
Văleanu,Petronela Cristina,F,189,2015,judecător
Vartires,Dana Iarina,F,118,2015,judecător
Vasile,Francisca,F,198,2015,judecător
Vişan,Liliana,F,121,2015,judecător
Vişan,Mirela,F,190,2015,judecător
Vişoiu,Emilia Claudia,F,231,2015,judecător
Voicheci,Eugenia,F,191,2015,judecător
Voicu,Rodica Florica,F,143,2015,judecător
Vrânceanu,Romaniţa Ecaterina,F,122,2015,judecător
Zaharia,Rodica,F,192,2015,judecător
Zglimbea,Luminiţa,F,123,2015,judecător
Stanciu,Livia Doina,F,105,2015,preşedinte 
Curelea,Lavinia,F,32,2015,preşedinte secţia 1 civilă
Popa,Roxana,F,138,2015,preşedinte secţia 2 civilă
Barbă,Ionel,M,126,2015,preşedinte secţia contencios administrativ şi fiscal
Jîjîie,Corina,F,65,2015,preşedinte secţia penală
Tarcea,Cristina Iulia,F,109,2015,vicepreşedinte
Albu,Emanuel,M,6,2016,judecător
Alexandrescu,Anca Mădălina,F,193,2016,judecător
Arghir ,Christina Geanina,F,8,2016,judecător
Barbălată,Georgeta,F,10,2016,judecător
Bîrsan,Gabriela Victoria,F,5,2016,judecător
Bogasiu,Gabriela Elena,F,14,2016,judecător
Bogdan,Ioana,F,144,2016,judecător
Brânzan,Contantin,M,17,2016,judecător
Brehar,Paulina Licua,F,127,2016,judecător
Budă,Marian,M,18,2016,judecător
Canacheu,Claudiua Marcela,F,201,2016,judecător
Cârnaru,Simona Elena,F,202,2016,judecător
Cerbu,Silvia,F,166,2016,judecător
Cîrnu,Iulia Manuela,F,145,2016,judecător
Cobzariu,Maricela,F,167,2016,judecător
Condoiu,Minodora,F,146,2016,judecător
Constanda,Andreia Liana,F,29,2016,judecător
Constantinescu,Mariana,F,203,2016,judecător
Corbu,Corina Alina,F,147,2016,judecător
Cosma,Rodica,F,128,2016,judecător
Cosma,Viorica,F,149,2016,judecător
Cristescu,Simona ,F,168,2016,judecător
Dănăilă,Veronica Magdalena,F,170,2016,judecător
Dascălu,Ana Maria,F,33,2016,judecător
Dascălu,Lavinia,F,169,2016,judecător
Dinu,Florentina,F,204,2016,judecător
Dolache,Ileana Izabela,F,150,2016,judecător
Dorin,Rodica,F,171,2016,judecător
Dragne,Angela,F,36,2016,judecător
Dragomir,Florentina,F,151,2016,judecător
Dragu,Creţu,M,39,2016,judecător
Draguţ,Florentin Sorin,M,152,2016,judecător
Duican,Doina,F,130,2016,judecător
Duminecă,Virginia,F,205,2016,judecător
Duţă,Ruxandra Monica,F,172,2016,judecător
Encean,Simona Daniela,F,173,2016,judecător
Floarea,Elena,F,43,2016,judecător
Foitoş,Marius Dan,M,174,2016,judecător
Ghena ,Mariana,F,153,2016,judecător
Gherasim,Adriana,F,211,2016,judecător
Grădinaru,Daniel,M,198,2016,judecător
Grigoraş,Nina Ecaterina,F,55,2016,judecător
Hîncu,Cezar,M,175,2016,judecător
Iancu,Ana Hermina,F,154,2016,judecător
Ilie,Maria Carmen,F,58,2016,judecător
Ilie,Gheorghe Aurel,M,194,2016,judecător
Ilie ,Ioana Alina,F,176,2016,judecător
Ion,Eugenia,F,177,2016,judecător
Isailă,Mărioara,F,63,2016,judecător
Ivanovici,Laura Mihaela,F,178,2016,judecător
Lefterache,Lavinia Valeria,F,179,2016,judecător
Macavei,Săndel Lucian,M,133,2016,judecător
Macavei,Sorinela Alina,F,156,2016,judecător
Măiereanu,Iuliana,F,195,2016,judecător
Măniguţiu,Nicolae,M,76,2016,judecător
Marcu ,Simona Camelia,F,71,2016,judecător
Marin,Eugenia,F,72,2016,judecător
Matei,Ionuţ Mihai,M,75,2016,judecător
Mera,Luciana,F,180,2016,judecător
Mihăianu,Cosmin Horia,M,181,2016,judecător
Milăşan,Zoiţa,F,182,2016,judecător
Moglan,Raluca,F,78,2016,judecător
Năstase,Tatiana Gabriela,F,157,2016,judecător
Năstasie,Veronica,F,196,2016,judecător
Negrilă,Georgeta Carmen,F,134,2016,judecător
Neniţă,Simona Cristina,F,158,2016,judecător
Nestor,Beatrice Ioana,F,81,2016,judecător
Nicolae,Adina-Georgeta,F,82,2016,judecător
Oana,Cristian Daniel,M,223,2016,judecător
Pantea,Paula,F,85,2016,judecător
Paraschiv,Mihaela,F,183,2016,judecător
Păun,Luiza Maria,F,137,2016,judecător
Petrişor,Nela,F,87,2016,judecător
Pietreanu,Simona Gina,F,184,2016,judecător
Pistol,Ştefan,M,88,2016,judecător
Poliţeanu,Mirela,F,160,2016,judecător
Popa,Rodica Aida,F,90,2016,judecător
Popa,Roxana,F,138,2016,judecător
Popescu,Doina,F,91,2016,judecător
Popoiag,Elena Carmen,F,95,2016,judecător
Puşcaşiu,Eugenia,F,139,2016,judecător
Râciu,Iuliana,F,101,2016,judecător
Rog,Lucia Tatiana,F,185,2016,judecător
Rotaru (Radu),Cristina,F,163,2016,judecător
Rusu,Aurelia,F,164,2016,judecător
Şelaru,Valentin Horia,M,187,2016,judecător
Şerban (Cismasiu),Leontina,F,188,2016,judecător
Sîrbu,Carmen,F,103,2016,judecător
Stănişor,Denisa Angelica,F,186,2016,judecător
Susanu,Rodica,F,141,2016,judecător
Tabârcă,Mihaela,F,110,2016,judecător
Ţăndăreanu,Nicoleta,F,197,2016,judecător
Ţăndărescu,Bianca Elena,F,165,2016,judecător
Teau,Carmen Trănica,F,111,2016,judecător
Trestianu ,Viorica,F,142,2016,judecător
Ţuca,Alina Iuliana,F,117,2016,judecător
Văleanu,Petronela Cristina,F,189,2016,judecător
Vartires,Dana Iarina,F,118,2016,judecător
Vasile,Francisca,F,198,2016,judecător
Vişan,Liliana,F,121,2016,judecător
Vişan,Mirela,F,190,2016,judecător
Vişoiu,Emilia Claudia,F,231,2016,judecător
Vlad,Decebal Constantin,M,232,2016,judecător
Voicu,Rodica Florica,F,143,2016,judecător
Vrabie,Valentina,F,233,2016,judecător
Vrânceanu,Romaniţa Ecaterina,F,122,2016,judecător
Zaharia,Rodica,F,192,2016,judecător
Zglimbea,Luminiţa,F,123,2016,judecător
Tarcea,Cristina Iulia,F,109,2016,preşedinte
Curelea,Lavinia,F,32,2016,preşedinte secţia 1 civilă
Voicheci,Eugenia,F,191,2016,preşedinte secţia 2 civilă
Barbă,Ionel,M,126,2016,preşedinte secţia contencios administrativ şi fiscal
Popescu,Mirela Sorina,F,161,2016,preşedinte secţia penală
Dragomir,Ilie Iulian,M,37,2016,vicepreşedinte
Albu,Emanuel,M,6,2017,judecător
Alexandrescu,Anca Mădălina,F,193,2017,judecător
Arghir ,Christina Geanina,F,8,2017,judecător
Baciu,Mona Madgalena,F,199,2017,judecător
Bîrsan,Gabriela Victoria,F,5,2017,judecător
Bogdan,Ioana,F,144,2017,judecător
Brânzan,Contantin,M,17,2017,judecător
Brehar,Paulina Licua,F,127,2017,judecător
Budă,Marian,M,18,2017,judecător
Canacheu,Claudiua Marcela,F,201,2017,judecător
Cârnaru,Simona Elena,F,202,2017,judecător
Cerbu,Silvia,F,166,2017,judecător
Cîrnu,Iulia Manuela,F,145,2017,judecător
Cobzariu,Maricela,F,167,2017,judecător
Condoiu,Minodora,F,146,2017,judecător
Constanda,Andreia Liana,F,29,2017,judecător
Constantinescu,Mariana,F,203,2017,judecător
Corbu,Corina Alina,F,147,2017,judecător
Cosma,Rodica,F,128,2017,judecător
Cosma,Viorica,F,149,2017,judecător
Cristescu,Simona ,F,168,2017,judecător
Dănăilă,Veronica Magdalena,F,170,2017,judecător
Dascălu,Ana Maria,F,33,2017,judecător
Dascălu,Lavinia,F,169,2017,judecător
Dinu,Florentina,F,204,2017,judecător
Dolache,Ileana Izabela,F,150,2017,judecător
Dorin,Rodica,F,171,2017,judecător
Dragne,Angela,F,36,2017,judecător
Dragomir,Florentina,F,151,2017,judecător
Dragu,Creţu,M,39,2017,judecător
Draguţ,Florentin Sorin,M,152,2017,judecător
Duican,Doina,F,130,2017,judecător
Duminecă,Virginia,F,205,2017,judecător
Duţă,Ruxandra Monica,F,172,2017,judecător
Encean,Simona Daniela,F,173,2017,judecător
Enescu,Dan Andrei,M,206,2017,judecător
Epure,Constantin,M,207,2017,judecător
Farmathy,Geza Attila,M,208,2017,judecător
Floarea,Elena,F,43,2017,judecător
Florescu,George Bogdan,M,210,2017,judecător
Foitoş,Marius Dan,M,174,2017,judecător
Ghena ,Mariana,F,153,2017,judecător
Gherasim,Adriana,F,211,2015,judecător
Grădinaru,Daniel,M,198,2017,judecător
Grădinaru,Ianina Blandina,F,212,2017,judecător
Grecu,Mădălina Elena,F,213,2017,judecător
Grigoraş,Nina Ecaterina,F,55,2017,judecător
Hîncu,Cezar,M,175,2017,judecător
Hrudei,Maria,F,214,2017,judecător
Iancu,Ana Hermina,F,154,2017,judecător
Ilie,Maria Carmen,F,58,2017,judecător
Ilie,Gheorghe Aurel,M,194,2017,judecător
Ilie ,Ioana Alina,F,176,2017,judecător
Ion,Eugenia,F,177,2017,judecător
Ionescu,Marius Ionel,M,217,2017,judecător
Isailă,Mărioara,F,63,2017,judecător
Ivanovici,Laura Mihaela,F,178,2017,judecător
Lefterache,Lavinia Valeria,F,179,2017,judecător
Macavei,Săndel Lucian,M,133,2017,judecător
Macavei,Sorinela Alina,F,156,2017,judecător
Măiereanu,Iuliana,F,195,2017,judecător
Marchidan,Andreea,F,219,2017,judecător
Marcu ,Simona Camelia,F,71,2017,judecător
Marin,Eugenia,F,72,2017,judecător
Matei,Ionuţ Mihai,M,75,2017,judecător
Mera,Luciana,F,180,2017,judecător
Mihăianu,Cosmin Horia,M,181,2017,judecător
Moglan,Raluca,F,78,2017,judecător
Năstase,Tatiana Gabriela,F,157,2017,judecător
Năstasie,Veronica,F,196,2017,judecător
Negrilă,Georgeta Carmen,F,134,2017,judecător
Neniţă,Simona Cristina,F,158,2017,judecător
Nestor,Beatrice Ioana,F,81,2017,judecător
Nicolae,Adina-Georgeta,F,82,2017,judecător
Niţu,Petronela Iulia,F,222,2017,judecător
Oana,Cristian Daniel,M,223,2017,judecător
Oana,Cristian Daniel,M,223,2017,judecător
Pantea,Paula,F,85,2017,judecător
Paraschiv,Mihaela,F,183,2017,judecător
Păun,Luiza Maria,F,137,2017,judecător
Petrişor,Nela,F,87,2017,judecător
Pietreanu,Simona Gina,F,184,2017,judecător
Pistol,Ştefan,M,88,2017,judecător
Poliţeanu,Mirela,F,160,2017,judecător
Popa,Rodica Aida,F,90,2017,judecător
Popa,Roxana,F,138,2017,judecător
Popescu,Doina,F,91,2017,judecător
Popoiag,Elena Carmen,F,95,2017,judecător
Puşcaşiu,Eugenia,F,139,2017,judecător
Râciu,Iuliana,F,101,2017,judecător
Rog,Lucia Tatiana,F,185,2017,judecător
Rotaru (Radu),Cristina,F,163,2017,judecător
Rusu,Aurelia,F,164,2017,judecător
Secreţeanu,Adriana Florina,F,227,2017,judecător
Şelaru,Valentin Horia,M,187,2017,judecător
Şerban (Cismasiu),Leontina,F,188,2017,judecător
Severin ,Daniel Gheorghe,M,228,2017,judecător
Spineanu Matei,Octavia,F,104,2017,judecător
Stanişor,Denisa Angelica,F,186,2017,judecător
Susanu,Rodica,F,141,2017,judecător
Tabârcă,Mihaela,F,110,2017,judecător
Ţăndăreanu,Nicoleta,F,197,2017,judecător
Ţăndărescu,Bianca Elena,F,165,2017,judecător
Teau,Carmen Trănica,F,111,2017,judecător
Trestianu ,Viorica,F,142,2017,judecător
Ţuca,Alina Iuliana,F,117,2017,judecător
Văleanu,Petronela Cristina,F,189,2017,judecător
Vartires,Dana Iarina,F,118,2017,judecător
Vasile,Francisca,F,198,2017,judecător
Vişan,Liliana,F,121,2017,judecător
Vişan,Mirela,F,190,2017,judecător
Vişoiu,Emilia Claudia,F,231,2017,judecător
Vlad,Decebal Constantin,M,232,2017,judecător
Voicu,Rodica Florica,F,143,2017,judecător
Vrabie,Valentina,F,233,2017,judecător
Vrânceanu,Romaniţa Ecaterina,F,122,2017,judecător
Zaharia,Rodica,F,192,2017,judecător
Tarcea,Cristina Iulia,F,109,2017,preşedinte
Curelea,Lavinia,F,32,2017,preşedinte secţia 1 civilă
Voicheci,Eugenia,F,191,2017,preşedinte secţia 2 civilă
Barbă,Ionel,M,126,2017,preşedinte secţia contencios administrativ şi fiscal
Popescu,Mirela Sorina,F,161,2017,preşedinte secţia penală
Bogasiu,Gabriela Elena,F,14,2017,vicepreşedinte
Dragomir,Ilie Iulian,M,37,2017,vicepreşedinte
Alexandrescu,Anca Mădălina,F,193,2018,judecător
Arghir ,Christina Geanina,F,8,2018,judecător
Barbă,Ionel,M,126,2018,judecător
Bîrsan,Gabriela Victoria,F,5,2018,judecător
Bogdan,Ioana,F,144,2018,judecător
Brânzan,Contantin,M,17,2018,judecător
Brehar,Paulina Licua,F,127,2018,judecător
Budă,Marian,M,18,2018,judecător
Cerbu,Silvia,F,166,2018,judecător
Cîrnu,Iulia Manuela,F,145,2018,judecător
Cobzariu,Maricela,F,167,2018,judecător
Condoiu,Minodora,F,146,2018,judecător
Constanda,Andreia Liana,F,29,2018,judecător
Cosma,Rodica,F,128,2018,judecător
Cosma,Viorica,F,149,2018,judecător
Cristescu,Simona ,F,168,2018,judecător
Curelea,Lavinia,F,32,2018,judecător
Dănăilă,Veronica Magdalena,F,170,2018,judecător
Dascălu,Lavinia,F,169,2018,judecător
Dolache,Ileana Izabela,F,150,2018,judecător
Dorin,Rodica,F,171,2018,judecător
Dragne,Angela,F,36,2018,judecător
Dragomir,Florentina,F,151,2018,judecător
Dragu,Creţu,M,39,2018,judecător
Draguţ,Florentin Sorin,M,152,2018,judecător
Duţă,Ruxandra Monica,F,172,2018,judecător
Encean,Simona Daniela,F,173,2018,judecător
Floarea,Elena,F,43,2018,judecător
Foitoş,Marius Dan,M,174,2018,judecător
Ghena ,Mariana,F,153,2018,judecător
Grigoraş,Nina Ecaterina,F,55,2018,judecător
Hîncu,Cezar,M,175,2018,judecător
Iancu,Ana Hermina,F,154,2018,judecător
Ilie,Maria Carmen,F,58,2018,judecător
Ilie,Gheorghe Aurel,M,194,2018,judecător
Ilie ,Ioana Alina,F,176,2018,judecător
Ion,Eugenia,F,177,2018,judecător
Isailă,Mărioara,F,63,2018,judecător
Lefterache,Lavinia Valeria,F,179,2018,judecător
Macavei,Săndel Lucian,M,133,2018,judecător
Macavei,Sorinela Alina,F,156,2018,judecător
Măiereanu,Iuliana,F,195,2018,judecător
Marcu ,Simona Camelia,F,71,2018,judecător
Marin,Eugenia,F,72,2018,judecător
Matei,Ionuţ Mihai,M,75,2018,judecător
Mera,Luciana,F,180,2018,judecător
Mihăianu,Cosmin Horia,M,181,2018,judecător
Moglan,Raluca,F,78,2018,judecător
Năstase,Tatiana Gabriela,F,157,2018,judecător
Năstasie,Veronica,F,196,2018,judecător
Negrilă,Georgeta Carmen,F,134,2018,judecător
Neniţă,Simona Cristina,F,158,2018,judecător
Nestor,Beatrice Ioana,F,81,2018,judecător
Nicolae,Adina-Georgeta,F,82,2018,judecător
Pantea,Paula,F,85,2018,judecător
Paraschiv,Mihaela,F,183,2018,judecător
Păun,Luiza Maria,F,137,2018,judecător
Petrişor,Nela,F,87,2018,judecător
Pietreanu,Simona Gina,F,184,2018,judecător
Pistol,Ştefan,M,88,2018,judecător
Poliţeanu,Mirela,F,160,2018,judecător
Popa,Rodica Aida,F,90,2018,judecător
Popa,Roxana,F,138,2018,judecător
Popescu,Doina,F,91,2018,judecător
Popescu,Mirela Sorina,F,161,2018,judecător
Popoiag,Elena Carmen,F,95,2018,judecător
Puşcaşiu,Eugenia,F,139,2018,judecător
Rog,Lucia Tatiana,F,185,2018,judecător
Rotaru (Radu),Cristina,F,163,2018,judecător
Rusu,Aurelia,F,164,2018,judecător
Şelaru,Valentin Horia,M,187,2018,judecător
Şerban (Cismasiu),Leontina,F,188,2018,judecător
Stănişor,Denisa Angelica,F,186,2018,judecător
Susanu,Rodica,F,141,2018,judecător
Tabârcă,Mihaela,F,110,2018,judecător
Ţăndăreanu,Nicoleta,F,197,2018,judecător
Ţăndărescu,Bianca Elena,F,165,2018,judecător
Teau,Carmen Trănica,F,111,2018,judecător
Trestianu ,Viorica,F,142,2018,judecător
Ţuca,Alina Iuliana,F,117,2018,judecător
Văleanu,Petronela Cristina,F,189,2018,judecător
Vartires,Dana Iarina,F,118,2018,judecător
Vasile,Francisca,F,198,2018,judecător
Vişan,Liliana,F,121,2018,judecător
Vişan,Mirela,F,190,2018,judecător
Voicu,Rodica Florica,F,143,2018,judecător
Vrânceanu,Romaniţa Ecaterina,F,122,2018,judecător
Zaharia,Rodica,F,192,2018,judecător
Baciu,Mona Madgalena,F,199,2018,judecător
Brunel,Oana,F,200,2018,judecător
Canacheu,Claudiua Marcela,F,201,2018,judecător
Cârnaru,Simona Elena,F,202,2018,judecător
Constantinescu,Mariana,F,203,2018,judecător
Dinu,Florentina,F,204,2018,judecător
Duminecă,Virginia,F,205,2018,judecător
Enescu,Dan Andrei,M,206,2018,judecător
Epure,Constantin,M,207,2018,judecător
Farmathy,Geza Attila,M,208,2018,judecător
Filipescu,Virgina,F,209,2018,judecător
Florescu,George Bogdan,M,210,2018,judecător
Gherasim,Adriana,F,211,2018,judecător
Grădinaru,Ianina Blandina,F,212,2018,judecător
Grecu,Mădălina Elena,F,213,2018,judecător
Hrudei,Maria,F,214,2018,judecător
Ionescu,Marius Ionel,M,217,2018,judecător
Marchidan,Andreea,F,219,2018,judecător
Niţu,Petronela Iulia,F,222,2018,judecător
Oana,Cristian Daniel,M,223,2018,judecător
Pătraşcu,Horaţiu,M,224,2018,judecător
Rus,Alexandra Iuliana,F,225,2018,judecător
Rus,Andrei Claudiu,M,226,2018,judecător
Secreţeanu,Adriana Florina,F,227,2018,judecător
Severin ,Daniel Gheorghe,M,228,2018,judecător
Vişoiu,Emilia Claudia,F,231,2018,judecător
Vlad,Decebal Constantin,M,232,2018,judecător
Vrabie,Valentina,F,233,2018,judecător
Tarcea,Cristina Iulia,F,109,2018,preşedinte
Voicheci,Eugenia,F,191,2018,preşedinte secţia 2 civilă
Ivanovici,Laura Mihaela,F,178,2018,preşedinte secţia civilă 1
Corbu,Corina Alina,F,147,2018,preşedinte secţia contencios administrativ şi fiscal
Grădinaru,Daniel,M,198,2018,preşedinte secţia penală
Bogasiu,Gabriela Elena,F,14,2018,vicepreşedinte
Dragomir,Ilie Iulian,M,37,2018,vicepreşedinte
